{
    "stats": {
        "mean": [
            0.7716041616941639,
            0.6401339112865259,
            0.4399099116165165
        ],
        "std": [
            0.17814084950762327,
            0.17445750107089555,
            0.17158572289756646
        ]
    },
    "label_to_idx": {
        "bfu": 0,
        "bgi": 1,
        "bhi": 2,
        "bka": 3,
        "bke": 4,
        "bki": 5,
        "bky": 6,
        "bng": 7,
        "bnk": 8,
        "bny": 9,
        "bou": 10,
        "bry": 11,
        "bto": 12,
        "bum": 13,
        "emp": 14,
        "wfu": 15,
        "wgi": 16,
        "whi": 17,
        "wka": 18,
        "wke": 19,
        "wki": 20,
        "wky": 21,
        "wng": 22,
        "wnk": 23,
        "wny": 24,
        "wou": 25,
        "wry": 26,
        "wto": 27,
        "wum": 28
    },
    "idx_to_label": {
        "0": "bfu",
        "1": "bgi",
        "2": "bhi",
        "3": "bka",
        "4": "bke",
        "5": "bki",
        "6": "bky",
        "7": "bng",
        "8": "bnk",
        "9": "bny",
        "10": "bou",
        "11": "bry",
        "12": "bto",
        "13": "bum",
        "14": "emp",
        "15": "wfu",
        "16": "wgi",
        "17": "whi",
        "18": "wka",
        "19": "wke",
        "20": "wki",
        "21": "wky",
        "22": "wng",
        "23": "wnk",
        "24": "wny",
        "25": "wou",
        "26": "wry",
        "27": "wto",
        "28": "wum"
    },
    "count": {
        "emp": 3178,
        "bfu": 1007,
        "wfu": 1007,
        "bgi": 221,
        "wgi": 221,
        "bhi": 107,
        "whi": 107,
        "bka": 92,
        "wka": 92,
        "bke": 227,
        "wke": 227,
        "bki": 237,
        "wki": 237,
        "bky": 248,
        "wky": 248,
        "bng": 5,
        "wng": 5,
        "bnk": 4,
        "wnk": 4,
        "bny": 5,
        "wny": 5,
        "bou": 130,
        "wou": 130,
        "bry": 16,
        "wry": 16,
        "bto": 20,
        "wto": 20,
        "bum": 16,
        "wum": 16
    }
}